{
  "project_info": {
    "project_number": "307359114915",
    "firebase_url": "https://flash-chat-df6bc.firebaseio.com",
    "project_id": "flash-chat-df6bc",
    "storage_bucket": "flash-chat-df6bc.appspot.com"
  },
  "client": [
    {
      "client_info": {
        "mobilesdk_app_id": "1:307359114915:android:82d3303760337c0b810116",
        "android_client_info": {
          "package_name": "co.symin.flash_chat"
        }
      },
      "oauth_client": [
        {
          "client_id": "307359114915-pal99gmp54eoori41r6qk7s9ae8m2hur.apps.googleusercontent.com",
          "client_type": 3
        }
      ],
      "api_key": [
        {
          "current_key": "AIzaSyCjUj-wr1yvsR2QfX8a_0XuDioZDyiETKU"
        }
      ],
      "services": {
        "appinvite_service": {
          "other_platform_oauth_client": [
            {
              "client_id": "307359114915-pal99gmp54eoori41r6qk7s9ae8m2hur.apps.googleusercontent.com",
              "client_type": 3
            }
          ]
        }
      }
    }
  ],
  "configuration_version": "1"
}